<Graph>
  <Node id="1" name="0" desc="This is a description" nodeColor="0x333333" nodeSize="10" nodeIcon="org/un/cava/birdeye/assets/nodes/center.png" x="10" y="10" />
  <Node id="2" name="A" desc="This is a description" nodeColor="0x8F8FFF" nodeSize="12" nodeIcon="org/un/cava/birdeye/assets/nodes/2.png" x="10" y="15" />
  <Node id="3" name="B" desc="This is a description" nodeColor="0xF00000" nodeSize="36" nodeIcon="org/un/cava/birdeye/assets/nodes/3.png" x="10" y="20" />
  <Node id="4" name="C" desc="This is a description" nodeColor="0x00FF00" nodeSize="10" nodeIcon="org/un/cava/birdeye/assets/nodes/4.png" x="10" y="25" />
  <Node id="5" name="D" desc="This is a description" nodeColor="0xFFA500" nodeSize="14" nodeIcon="org/un/cava/birdeye/assets/nodes/5.png" x="10" y="30" />
  <Node id="6" name="E" desc="This is a description" nodeColor="0x191970" nodeSize="10" nodeIcon="org/un/cava/birdeye/assets/nodes/6.png" x="10" y="35" />
  <Node id="7" name="F" desc="This is a description" nodeColor="0x4682b4" nodeSize="18" nodeIcon="org/un/cava/birdeye/assets/nodes/7.png" x="10" y="40" />
  
  <Node id="8" name="A.1" desc="This is a description" nodeColor="0x8F8FFF" nodeSize="21" nodeIcon="org/un/cava/birdeye/assets/nodes/10.png" x="20" y="20" />
  <Node id="9" name="A.2" desc="This is a description" nodeColor="0x8F8FFF" nodeSize="15" nodeIcon="org/un/cava/birdeye/assets/nodes/11.png" x="20" y="25" />
  <Node id="10" name="A.3" desc="This is a description" nodeColor="0x8F8FFF" nodeSize="32" nodeIcon="org/un/cava/birdeye/assets/nodes/12.png" x="20" y="30" />
  <Node id="11" name="A.4" desc="This is a description" nodeColor="0x8F8FFF" nodeSize="16" nodeIcon="org/un/cava/birdeye/assets/nodes/13.png" x="20" y="35" />
  <Node id="12" name="A.5" desc="This is a description" nodeColor="0x8F8FFF" nodeSize="12" nodeIcon="org/un/cava/birdeye/assets/nodes/14.png" x="20" y="40" />
  <Node id="13" name="A.6" desc="This is a description" nodeColor="0x8F8FFF" nodeSize="10" nodeIcon="org/un/cava/birdeye/assets/nodes/15.png" x="20" y="45" />
  
  <Node id="14" name="B.1" desc="This is a description" nodeColor="0xF00000" nodeSize="27" nodeIcon="org/un/cava/birdeye/assets/nodes/16.png" x="30" y="30" />
  <Node id="15" name="B.2" desc="This is a description" nodeColor="0xF00000" nodeSize="10" nodeIcon="org/un/cava/birdeye/assets/nodes/17.png" x="30" y="35" />
  <Node id="16" name="B.3" desc="This is a description" nodeColor="0xF00000" nodeSize="13" nodeIcon="org/un/cava/birdeye/assets/nodes/18.png" x="30" y="40" />
  <Node id="17" name="B.4" desc="This is a description" nodeColor="0xF00000" nodeSize="10" nodeIcon="org/un/cava/birdeye/assets/nodes/19.png" x="30" y="45" />
  <Node id="18" name="B.5" desc="This is a description" nodeColor="0xF00000" nodeSize="10" nodeIcon="org/un/cava/birdeye/assets/nodes/20.png" x="30" y="50" />
  <Node id="19" name="B.6" desc="This is a description" nodeColor="0xF00000" nodeSize="10" nodeIcon="org/un/cava/birdeye/assets/nodes/21.png" x="30" y="55" />

  <Node id="20" name="C.1" desc="This is a description" nodeColor="0x00FF00" nodeSize="10" nodeIcon="org/un/cava/birdeye/assets/nodes/22.png" x="40" y="40" />
  <Node id="21" name="C.2" desc="This is a description" nodeColor="0x00FF00" nodeSize="15" nodeIcon="org/un/cava/birdeye/assets/nodes/23.png" x="40" y="45" />
  <Node id="22" name="C.3" desc="This is a description" nodeColor="0x00FF00" nodeSize="10" nodeIcon="org/un/cava/birdeye/assets/nodes/24.png" x="40" y="50" />
  <Node id="23" name="C.4" desc="This is a description" nodeColor="0x00FF00" nodeSize="10" nodeIcon="org/un/cava/birdeye/assets/nodes/25.png" x="40" y="55" />
  <Node id="24" name="C.5" desc="This is a description" nodeColor="0x00FF00" nodeSize="20" nodeIcon="org/un/cava/birdeye/assets/nodes/26.png" x="40" y="60" />
  <Node id="25" name="C.6" desc="This is a description" nodeColor="0x00FF00" nodeSize="10" nodeIcon="org/un/cava/birdeye/assets/nodes/27.png" x="40" y="65" />

  <Node id="26" name="D.1" desc="This is a description" nodeColor="0xFFA500" nodeSize="30" nodeIcon="org/un/cava/birdeye/assets/nodes/28.png" x="50" y="50" />
  <Node id="27" name="D.2" desc="This is a description" nodeColor="0xFFA500" nodeSize="10" nodeIcon="org/un/cava/birdeye/assets/nodes/29.png" x="50" y="55" />
  <Node id="28" name="D.3" desc="This is a description" nodeColor="0xFFA500" nodeSize="12" nodeIcon="org/un/cava/birdeye/assets/nodes/30.png" x="50" y="60" />
  <Node id="29" name="D.4" desc="This is a description" nodeColor="0xFFA500" nodeSize="10" nodeIcon="org/un/cava/birdeye/assets/nodes/31.png" x="50" y="65" />
  <Node id="30" name="D.5" desc="This is a description" nodeColor="0xFFA500" nodeSize="10" nodeIcon="org/un/cava/birdeye/assets/nodes/32.png" x="50" y="70" />
  <Node id="31" name="D.6" desc="This is a description" nodeColor="0xFFA500" nodeSize="15" nodeIcon="org/un/cava/birdeye/assets/nodes/33.png" x="50" y="75" />

  <Node id="32" name="E.1" desc="This is a description" nodeColor="0x191970" nodeSize="26" nodeIcon="org/un/cava/birdeye/assets/nodes/34.png" x="60" y="60" />
  <Node id="33" name="E.2" desc="This is a description" nodeColor="0x191970" nodeSize="10" nodeIcon="org/un/cava/birdeye/assets/nodes/35.png" x="60" y="65" />
  <Node id="34" name="E.3" desc="This is a description" nodeColor="0x191970" nodeSize="16" nodeIcon="org/un/cava/birdeye/assets/nodes/36.png" x="60" y="70" />
  <Node id="35" name="E.4" desc="This is a description" nodeColor="0x191970" nodeSize="10" nodeIcon="org/un/cava/birdeye/assets/nodes/37.png" x="60" y="75" />
  <Node id="36" name="E.5" desc="This is a description" nodeColor="0x191970" nodeSize="10" nodeIcon="org/un/cava/birdeye/assets/nodes/38.png" x="60" y="80" />
  <Node id="37" name="E.6" desc="This is a description" nodeColor="0x191970" nodeSize="14" nodeIcon="org/un/cava/birdeye/assets/nodes/39.png" x="60" y="85" />

  <Node id="38" name="F.1" desc="This is a description" nodeColor="0x4682b4" nodeSize="5" nodeIcon="org/un/cava/birdeye/assets/nodes/40.png" x="70" y="70" />
  <Node id="39" name="F.2" desc="This is a description" nodeColor="0x4682b4" nodeSize="12" nodeIcon="org/un/cava/birdeye/assets/nodes/41.png" x="70" y="75" />
  <Node id="40" name="F.3" desc="This is a description" nodeColor="0x4682b4" nodeSize="10" nodeIcon="org/un/cava/birdeye/assets/nodes/42.png" x="70" y="80" />
  <Node id="41" name="F.4" desc="This is a description" nodeColor="0x4682b4" nodeSize="22" nodeIcon="org/un/cava/birdeye/assets/nodes/43.png" x="70" y="85" />
  <Node id="42" name="F.5" desc="This is a description" nodeColor="0x4682b4" nodeSize="8" nodeIcon="org/un/cava/birdeye/assets/nodes/44.png" x="70" y="90" />
  <Node id="43" name="F.6" desc="This is a description" nodeColor="0x4682b4" nodeSize="10" nodeIcon="org/un/cava/birdeye/assets/nodes/45.png" x="70" y="95" />
  
  <Edge fromID="1" toID="2" edgeLabel="No Change" flow="50" edgeIcon="org/un/cava/birdeye/assets/edges/NoChange.png" />
  <Edge fromID="1" toID="3" edgeLabel="Bad" flow="400" edgeIcon="org/un/cava/birdeye/assets/edges/Bad.png" />
  <Edge fromID="1" toID="4" edgeLabel="Good" flow="80" edgeIcon="org/un/cava/birdeye/assets/edges/Good.png" />
  <Edge fromID="1" toID="5" edgeLabel="Good" flow="100" edgeIcon="org/un/cava/birdeye/assets/edges/Good.png" />
  <Edge fromID="1" toID="6" edgeLabel="No Change" flow="120" edgeIcon="org/un/cava/birdeye/assets/edges/NoChange.png" />
  <Edge fromID="1" toID="7" edgeLabel="Bad" flow="150" edgeIcon="org/un/cava/birdeye/assets/edges/Bad.png" />
  
  <Edge fromID="2" toID="8" edgeLabel="Good" flow="100" edgeIcon="org/un/cava/birdeye/assets/edges/Good.png" />
  <Edge fromID="2" toID="9" edgeLabel="Bad" flow="400" edgeIcon="org/un/cava/birdeye/assets/edges/Bad.png" />
  <Edge fromID="2" toID="10" edgeLabel="No Change" flow="800" edgeIcon="org/un/cava/birdeye/assets/edges/NoChange.png" />
  <Edge fromID="2" toID="11" edgeLabel="Good" flow="100" edgeIcon="org/un/cava/birdeye/assets/edges/Good.png" />
  <Edge fromID="2" toID="12" edgeLabel="Bad" flow="120" edgeIcon="org/un/cava/birdeye/assets/edges/Bad.png" />
  <Edge fromID="2" toID="13" edgeLabel="No Change" flow="150" edgeIcon="org/un/cava/birdeye/assets/edges/NoChange.png" />

  <Edge fromID="3" toID="14" edgeLabel="Good" flow="1" edgeIcon="org/un/cava/birdeye/assets/edges/Good.png" />
  <Edge fromID="3" toID="15" edgeLabel="No Change" flow="40" edgeIcon="org/un/cava/birdeye/assets/edges/NoChange.png" />
  <Edge fromID="3" toID="16" edgeLabel="Bad" flow="80" edgeIcon="org/un/cava/birdeye/assets/edges/Bad.png" />
  <Edge fromID="3" toID="17" edgeLabel="Good" flow="100" edgeIcon="org/un/cava/birdeye/assets/edges/Good.png" />
  <Edge fromID="3" toID="18" edgeLabel="Good" flow="120" edgeIcon="org/un/cava/birdeye/assets/edges/Good.png" />
  <Edge fromID="3" toID="19" edgeLabel="Bad" flow="15" edgeIcon="org/un/cava/birdeye/assets/edges/Bad.png" />

  <Edge fromID="4" toID="20" edgeLabel="Bad" flow="1" edgeIcon="org/un/cava/birdeye/assets/edges/Bad.png" />
  <Edge fromID="4" toID="21" edgeLabel="Good" flow="40" edgeIcon="org/un/cava/birdeye/assets/edges/Good.png" />
  <Edge fromID="4" toID="22" edgeLabel="No Change" flow="8" edgeIcon="org/un/cava/birdeye/assets/edges/NoChange.png" />
  <Edge fromID="4" toID="23" edgeLabel="Good" flow="100" edgeIcon="org/un/cava/birdeye/assets/edges/Good.png" />
  <Edge fromID="4" toID="24" edgeLabel="Good" flow="120" edgeIcon="org/un/cava/birdeye/assets/edges/Good.png" />
  <Edge fromID="4" toID="25" edgeLabel="Bad" flow="150" edgeIcon="org/un/cava/birdeye/assets/edges/Bad.png" />

  <Edge fromID="5" toID="26" edgeLabel="Bad" flow="1" edgeIcon="org/un/cava/birdeye/assets/edges/Bad.png" />
  <Edge fromID="5" toID="27" edgeLabel="Good" flow="400" edgeIcon="org/un/cava/birdeye/assets/edges/Good.png" />
  <Edge fromID="5" toID="28" edgeLabel="No Change" flow="8" edgeIcon="org/un/cava/birdeye/assets/edges/NoChange.png" />
  <Edge fromID="5" toID="29" edgeLabel="Good" flow="100" edgeIcon="org/un/cava/birdeye/assets/edges/Good.png" />
  <Edge fromID="5" toID="30" edgeLabel="Bad" flow="120" edgeIcon="org/un/cava/birdeye/assets/edges/Bad.png" />
  <Edge fromID="5" toID="31" edgeLabel="No Change" flow="150" edgeIcon="org/un/cava/birdeye/assets/edges/NoChange.png" />

  <Edge fromID="6" toID="32" edgeLabel="No Change" flow="1" edgeIcon="org/un/cava/birdeye/assets/edges/NoChange.png" />
  <Edge fromID="6" toID="33" edgeLabel="Good" flow="40" edgeIcon="org/un/cava/birdeye/assets/edges/Good.png" />
  <Edge fromID="6" toID="34" edgeLabel="Bad" flow="800" edgeIcon="org/un/cava/birdeye/assets/edges/Bad.png" />
  <Edge fromID="6" toID="35" edgeLabel="Good" flow="100" edgeIcon="org/un/cava/birdeye/assets/edges/Good.png" />
  <Edge fromID="6" toID="36" edgeLabel="Good" flow="12" edgeIcon="org/un/cava/birdeye/assets/edges/Good.png" />
  <Edge fromID="6" toID="37" edgeLabel="No Change" flow="150" edgeIcon="org/un/cava/birdeye/assets/edges/NoChange.png" />

  <Edge fromID="7" toID="38" edgeLabel="Bad" flow="100" edgeIcon="org/un/cava/birdeye/assets/edges/Bad.png" />
  <Edge fromID="7" toID="39" edgeLabel="Good" flow="40" edgeIcon="org/un/cava/birdeye/assets/edges/Good.png" />
  <Edge fromID="7" toID="40" edgeLabel="No Change" flow="80" edgeIcon="org/un/cava/birdeye/assets/edges/NoChange.png" />
  <Edge fromID="7" toID="41" edgeLabel="Good" flow="1000" edgeIcon="org/un/cava/birdeye/assets/edges/Good.png" />
  <Edge fromID="7" toID="42" edgeLabel="Good" flow="120" edgeIcon="org/un/cava/birdeye/assets/edges/Good.png" />
  <Edge fromID="7" toID="43" edgeLabel="Bad" flow="150" edgeIcon="org/un/cava/birdeye/assets/edges/Bad.png" />
  
</Graph>